CREATE DATABASE  IF NOT EXISTS `databaselaboratorioii` /*!40100 DEFAULT CHARACTER SET utf8 */;
USE `databaselaboratorioii`;
-- MySQL dump 10.13  Distrib 5.6.17, for Win32 (x86)
--
-- Host: localhost    Database: databaselaboratorioii
-- ------------------------------------------------------
-- Server version	5.6.20

/*!40101 SET @OLD_CHARACTER_SET_CLIENT=@@CHARACTER_SET_CLIENT */;
/*!40101 SET @OLD_CHARACTER_SET_RESULTS=@@CHARACTER_SET_RESULTS */;
/*!40101 SET @OLD_COLLATION_CONNECTION=@@COLLATION_CONNECTION */;
/*!40101 SET NAMES utf8 */;
/*!40103 SET @OLD_TIME_ZONE=@@TIME_ZONE */;
/*!40103 SET TIME_ZONE='+00:00' */;
/*!40014 SET @OLD_UNIQUE_CHECKS=@@UNIQUE_CHECKS, UNIQUE_CHECKS=0 */;
/*!40014 SET @OLD_FOREIGN_KEY_CHECKS=@@FOREIGN_KEY_CHECKS, FOREIGN_KEY_CHECKS=0 */;
/*!40101 SET @OLD_SQL_MODE=@@SQL_MODE, SQL_MODE='NO_AUTO_VALUE_ON_ZERO' */;
/*!40111 SET @OLD_SQL_NOTES=@@SQL_NOTES, SQL_NOTES=0 */;

--
-- Table structure for table `accesso`
--

DROP TABLE IF EXISTS `accesso`;
/*!40101 SET @saved_cs_client     = @@character_set_client */;
/*!40101 SET character_set_client = utf8 */;
CREATE TABLE `accesso` (
  `mail` varchar(50) NOT NULL,
  `codice` int(11) NOT NULL,
  `colore` varchar(45) NOT NULL,
  PRIMARY KEY (`mail`,`codice`),
  KEY `Codice_idx` (`codice`),
  CONSTRAINT `Codice` FOREIGN KEY (`codice`) REFERENCES `lavagna` (`codice`) ON DELETE CASCADE ON UPDATE CASCADE,
  CONSTRAINT `Mail` FOREIGN KEY (`mail`) REFERENCES `registro` (`Mail`) ON DELETE CASCADE ON UPDATE CASCADE
) ENGINE=InnoDB DEFAULT CHARSET=utf8;
/*!40101 SET character_set_client = @saved_cs_client */;

--
-- Dumping data for table `accesso`
--

LOCK TABLES `accesso` WRITE;
/*!40000 ALTER TABLE `accesso` DISABLE KEYS */;
INSERT INTO `accesso` VALUES ('a',4,'-16776961'),('a@gmail.com',1,'-16777216'),('a@gmail.com',2,'-16711681'),('a@gmail.com',3,'-14336'),('a@gmail.com',4,'-14336'),('b',1,'-16711936'),('b',2,'-16777216'),('b',5,'-14336'),('e',1,'-65536'),('e',2,'-65536'),('e',4,'-16711936'),('f',1,'-16776961'),('f',2,'-14336'),('f',3,'-65536'),('g',1,'-16711681'),('g',4,'-65536'),('io',2,'-16711936'),('io',5,'-65536'),('qq',1,'-14336'),('qq',2,'-16776961');
/*!40000 ALTER TABLE `accesso` ENABLE KEYS */;
UNLOCK TABLES;

--
-- Table structure for table `lavagna`
--

DROP TABLE IF EXISTS `lavagna`;
/*!40101 SET @saved_cs_client     = @@character_set_client */;
/*!40101 SET character_set_client = utf8 */;
CREATE TABLE `lavagna` (
  `codice` int(11) NOT NULL AUTO_INCREMENT,
  `proprietario` varchar(45) NOT NULL,
  PRIMARY KEY (`codice`),
  KEY `Proprietario_idx` (`proprietario`),
  CONSTRAINT `Proprietario` FOREIGN KEY (`proprietario`) REFERENCES `registro` (`Mail`) ON DELETE CASCADE ON UPDATE CASCADE
) ENGINE=InnoDB AUTO_INCREMENT=6 DEFAULT CHARSET=utf8;
/*!40101 SET character_set_client = @saved_cs_client */;

--
-- Dumping data for table `lavagna`
--

LOCK TABLES `lavagna` WRITE;
/*!40000 ALTER TABLE `lavagna` DISABLE KEYS */;
INSERT INTO `lavagna` VALUES (1,'e'),(2,'e'),(3,'f'),(4,'g'),(5,'io');
/*!40000 ALTER TABLE `lavagna` ENABLE KEYS */;
UNLOCK TABLES;

--
-- Table structure for table `notifiche`
--

DROP TABLE IF EXISTS `notifiche`;
/*!40101 SET @saved_cs_client     = @@character_set_client */;
/*!40101 SET character_set_client = utf8 */;
CREATE TABLE `notifiche` (
  `richiedente` varchar(45) NOT NULL,
  `proprietario` varchar(45) NOT NULL,
  `lavagna` int(11) NOT NULL,
  PRIMARY KEY (`richiedente`,`lavagna`),
  KEY `dasda_idx` (`proprietario`),
  KEY `asdaf_idx` (`lavagna`),
  CONSTRAINT `asdaf` FOREIGN KEY (`lavagna`) REFERENCES `lavagna` (`codice`) ON DELETE CASCADE ON UPDATE CASCADE,
  CONSTRAINT `dasda` FOREIGN KEY (`proprietario`) REFERENCES `registro` (`Mail`) ON DELETE NO ACTION ON UPDATE NO ACTION,
  CONSTRAINT `dsa` FOREIGN KEY (`richiedente`) REFERENCES `registro` (`Mail`) ON DELETE NO ACTION ON UPDATE NO ACTION
) ENGINE=InnoDB DEFAULT CHARSET=utf8;
/*!40101 SET character_set_client = @saved_cs_client */;

--
-- Dumping data for table `notifiche`
--

LOCK TABLES `notifiche` WRITE;
/*!40000 ALTER TABLE `notifiche` DISABLE KEYS */;
INSERT INTO `notifiche` VALUES ('f','g',4),('q','g',4),('b@dsa.com','io',5),('e','io',5),('f','io',5),('q','io',5);
/*!40000 ALTER TABLE `notifiche` ENABLE KEYS */;
UNLOCK TABLES;

--
-- Table structure for table `registro`
--

DROP TABLE IF EXISTS `registro`;
/*!40101 SET @saved_cs_client     = @@character_set_client */;
/*!40101 SET character_set_client = utf8 */;
CREATE TABLE `registro` (
  `mail` varchar(50) NOT NULL,
  `password` varchar(45) NOT NULL,
  PRIMARY KEY (`mail`)
) ENGINE=InnoDB DEFAULT CHARSET=utf8;
/*!40101 SET character_set_client = @saved_cs_client */;

--
-- Dumping data for table `registro`
--

LOCK TABLES `registro` WRITE;
/*!40000 ALTER TABLE `registro` DISABLE KEYS */;
INSERT INTO `registro` VALUES ('a','a'),('a@gmail.com','a'),('b','b'),('b@dsa.com','b'),('e','e'),('f','f'),('g','g'),('io','io'),('q','q'),('qq','qq');
/*!40000 ALTER TABLE `registro` ENABLE KEYS */;
UNLOCK TABLES;

--
-- Table structure for table `tratto`
--

DROP TABLE IF EXISTS `tratto`;
/*!40101 SET @saved_cs_client     = @@character_set_client */;
/*!40101 SET character_set_client = utf8 */;
CREATE TABLE `tratto` (
  `mail` varchar(50) NOT NULL,
  `momento` datetime(6) NOT NULL,
  `coorInizialeX` int(11) NOT NULL,
  `coorFinaleX` int(11) NOT NULL,
  `coorInizialeY` int(11) NOT NULL,
  `coorFinaleY` int(11) NOT NULL,
  `codice` int(11) NOT NULL,
  `colore` varchar(45) NOT NULL,
  PRIMARY KEY (`mail`,`momento`),
  KEY `Codice_idx` (`codice`),
  CONSTRAINT `Codice878` FOREIGN KEY (`codice`) REFERENCES `lavagna` (`codice`) ON DELETE CASCADE ON UPDATE CASCADE,
  CONSTRAINT `Mail88` FOREIGN KEY (`mail`) REFERENCES `registro` (`Mail`) ON DELETE CASCADE ON UPDATE CASCADE
) ENGINE=InnoDB DEFAULT CHARSET=utf8;
/*!40101 SET character_set_client = @saved_cs_client */;

--
-- Dumping data for table `tratto`
--

LOCK TABLES `tratto` WRITE;
/*!40000 ALTER TABLE `tratto` DISABLE KEYS */;
INSERT INTO `tratto` VALUES ('e','2014-08-13 23:01:19.658000',485,750,181,527,1,'-65536'),('e','2014-08-13 23:01:31.749000',59,59,122,122,1,'-65536'),('e','2014-08-13 23:01:48.053000',666,434,165,328,1,'-65536'),('e','2014-08-13 23:01:48.739000',843,806,208,425,1,'-65536'),('e','2014-08-13 23:06:52.497000',802,986,192,484,1,'-65536'),('e','2014-08-13 23:07:13.276000',353,418,170,301,1,'-65536'),('e','2014-08-13 23:07:14.181000',401,342,210,266,1,'-65536'),('e','2014-08-13 23:07:14.571000',388,307,193,252,1,'-65536'),('e','2014-08-13 23:07:14.945000',356,324,226,262,1,'-65536'),('e','2014-08-13 23:07:15.273000',380,325,204,253,1,'-65536'),('e','2014-08-13 23:07:15.585000',398,341,219,258,1,'-65536'),('e','2014-08-13 23:07:15.928000',388,326,217,272,1,'-65536'),('e','2014-08-13 23:07:16.271000',361,321,211,265,1,'-65536'),('e','2014-08-13 23:07:16.599000',356,323,208,267,1,'-65536'),('e','2014-08-13 23:07:16.942000',380,343,211,268,1,'-65536'),('e','2014-08-13 23:07:17.301000',389,364,217,266,1,'-65536'),('e','2014-08-13 23:07:17.659000',376,340,214,270,1,'-65536'),('e','2014-08-13 23:07:18.018000',366,331,216,280,1,'-65536'),('e','2014-08-13 23:07:18.424000',358,322,222,263,1,'-65536'),('e','2014-08-13 23:07:18.814000',347,317,213,264,1,'-65536'),('e','2014-08-13 23:07:19.204000',330,326,221,263,1,'-65536'),('e','2014-08-13 23:07:19.625000',307,335,233,267,1,'-65536'),('e','2014-08-13 23:07:20.046000',315,339,253,274,1,'-65536'),('e','2014-08-13 23:07:20.374000',319,345,230,261,1,'-65536'),('e','2014-08-13 23:07:20.701000',315,336,224,260,1,'-65536'),('e','2014-08-13 23:07:20.998000',314,329,236,256,1,'-65536'),('e','2014-08-13 23:07:21.341000',323,346,235,252,1,'-65536'),('e','2014-08-13 23:07:21.637000',336,351,222,245,1,'-65536'),('e','2014-08-13 23:07:21.965000',327,344,221,245,1,'-65536'),('e','2014-08-13 23:07:22.308000',333,355,224,246,1,'-65536'),('e','2014-08-13 23:07:22.605000',345,370,219,238,1,'-65536'),('e','2014-08-13 23:07:22.932000',346,365,210,234,1,'-65536'),('e','2014-08-13 23:07:23.244000',347,359,218,230,1,'-65536'),('e','2014-08-13 23:07:23.572000',354,360,226,245,1,'-65536'),('e','2014-08-13 23:07:23.899000',372,390,214,233,1,'-65536'),('e','2014-08-13 23:07:27.363000',458,505,154,221,1,'-65536'),('e','2014-08-13 23:07:27.721000',452,472,176,207,1,'-65536'),('e','2014-08-13 23:07:28.080000',440,485,169,221,1,'-65536'),('e','2014-08-13 23:07:44.367000',701,709,165,317,1,'-65536'),('e','2014-08-13 23:07:44.959000',740,751,189,333,1,'-65536'),('e','2014-08-13 23:07:46.800000',687,795,236,246,1,'-65536'),('e','2014-08-13 23:07:47.315000',653,804,254,266,1,'-65536'),('e','2014-08-13 23:07:58.766000',982,877,335,609,1,'-65536'),('e','2014-08-13 23:07:59.483000',980,919,390,553,1,'-65536'),('e','2014-08-13 23:08:19.529000',310,525,141,522,2,'-65536'),('e','2014-08-13 23:08:20.685000',543,416,181,409,2,'-65536'),('e','2014-08-13 23:09:25.411000',613,346,272,448,2,'-65536'),('e','2014-08-13 23:10:10.746000',760,521,273,311,2,'-65536'),('e','2014-08-14 19:10:50.861000',163,784,284,131,2,'-65536'),('e','2014-08-18 10:22:34.701000',1107,1106,200,220,1,'-65536'),('e','2014-08-18 10:22:36.809000',1100,1104,202,224,1,'-65536'),('e','2014-08-18 10:22:37.013000',1106,1106,219,219,1,'-65536'),('e','2014-08-18 10:22:37.060000',1106,1110,208,241,1,'-65536'),('e','2014-08-18 10:22:37.138000',1110,1110,228,231,1,'-65536'),('e','2014-08-18 10:22:37.185000',1110,1110,220,240,1,'-65536'),('e','2014-08-18 10:22:37.231000',1112,1118,222,247,1,'-65536'),('e','2014-08-18 10:22:37.247000',1116,1122,230,254,1,'-65536'),('e','2014-08-18 10:22:37.294000',1118,1118,237,266,1,'-65536'),('e','2014-08-18 10:22:37.497000',1109,1113,246,269,1,'-65536'),('e','2014-08-28 14:11:10.091000',733,861,128,302,1,'-65536'),('e','2014-08-28 14:11:10.731000',816,628,123,281,1,'-65536'),('f','2014-08-13 23:01:40.768000',778,513,292,426,1,'-65536'),('f','2014-08-13 23:01:43.045000',624,644,197,449,1,'-65536'),('f','2014-08-13 23:01:46.399000',477,890,317,282,1,'-65536'),('f','2014-08-13 23:05:39.644000',246,409,122,435,1,'-16776961'),('f','2014-08-13 23:05:40.409000',487,582,183,507,1,'-16776961'),('f','2014-08-13 23:05:40.892000',814,838,287,524,1,'-16776961'),('f','2014-08-13 23:06:55.663000',937,748,182,385,1,'-16776961'),('f','2014-08-13 23:07:10.593000',455,311,139,312,1,'-16776961'),('f','2014-08-13 23:07:29.578000',455,341,173,285,1,'-16776961'),('f','2014-08-13 23:07:30.046000',460,372,201,307,1,'-16776961'),('f','2014-08-13 23:07:30.436000',479,361,217,326,1,'-16776961'),('f','2014-08-13 23:07:30.873000',483,412,253,319,1,'-16776961'),('f','2014-08-13 23:07:31.325000',516,417,274,365,1,'-16776961'),('f','2014-08-13 23:07:37.799000',615,695,162,382,1,'-16776961'),('f','2014-08-13 23:07:38.173000',591,689,148,343,1,'-16776961'),('f','2014-08-13 23:07:38.532000',604,672,119,280,1,'-16776961'),('f','2014-08-13 23:07:38.938000',648,689,140,282,1,'-16776961'),('f','2014-08-13 23:07:48.423000',781,685,196,319,1,'-16776961'),('f','2014-08-13 23:07:49.047000',800,740,229,376,1,'-16776961'),('f','2014-08-13 23:08:45.974000',469,587,164,406,2,'-14336'),('f','2014-08-13 23:08:46.442000',495,608,203,378,2,'-14336'),('f','2014-08-13 23:10:05.067000',644,589,207,511,2,'-14336'),('f','2014-08-14 19:12:00.445000',593,621,314,311,1,'-16776961'),('f','2014-08-14 19:12:00.939000',592,623,310,312,1,'-16776961'),('f','2014-08-14 19:12:01.427000',597,631,316,312,1,'-16776961'),('f','2014-08-14 19:12:01.851000',597,618,321,320,1,'-16776961'),('f','2014-08-14 19:12:02.379000',597,632,327,320,1,'-16776961'),('f','2014-08-14 19:12:03.091000',607,626,325,326,1,'-16776961'),('f','2014-08-14 19:12:03.564000',612,637,333,334,1,'-16776961'),('f','2014-08-14 19:12:04.164000',622,640,335,333,1,'-16776961'),('f','2014-08-14 19:12:04.812000',613,628,343,337,1,'-16776961'),('f','2014-08-14 19:12:05.275000',614,632,342,342,1,'-16776961'),('f','2014-08-14 19:12:06.019000',599,623,322,349,1,'-16776961'),('f','2014-08-14 19:12:06.595000',605,619,322,345,1,'-16776961'),('f','2014-08-14 19:12:07.099000',610,624,309,352,1,'-16776961'),('f','2014-08-14 19:12:07.827000',622,626,326,348,1,'-16776961'),('f','2014-08-14 19:12:08.523000',624,625,312,349,1,'-16776961'),('f','2014-08-14 19:12:09.267000',631,634,315,366,1,'-16776961'),('f','2014-08-14 19:12:09.835000',627,626,317,352,1,'-16776961'),('f','2014-08-14 19:12:10.603000',612,625,322,354,1,'-16776961'),('f','2014-08-14 19:12:11.587000',591,618,312,348,1,'-16776961'),('f','2014-08-14 19:12:13.491000',603,628,314,357,1,'-16776961'),('f','2014-08-14 19:12:15.667000',630,630,317,359,1,'-16776961'),('f','2014-08-18 10:22:00.033000',931,1087,124,340,1,'-16776961'),('f','2014-08-18 10:22:02.779000',1107,1104,169,276,1,'-16776961'),('f','2014-08-18 10:22:03.840000',1126,1040,228,250,1,'-16776961'),('g','2014-08-28 14:47:59.584000',413,413,293,293,4,'-65536'),('qq','2014-08-13 23:04:10.483000',114,357,124,542,1,'-14336'),('qq','2014-08-13 23:04:11.263000',330,533,211,554,1,'-14336'),('qq','2014-08-13 23:09:53.367000',430,580,152,499,2,'-16776961'),('qq','2014-08-13 23:09:53.867000',562,569,218,528,2,'-16776961'),('qq','2014-08-13 23:18:48.783000',781,879,159,469,2,'-16776961'),('qq','2014-08-13 23:18:49.641000',839,947,206,495,2,'-16776961'),('qq','2014-08-13 23:18:50.499000',923,722,261,415,2,'-16776961'),('qq','2014-08-13 23:18:57.269000',1029,1029,296,296,2,'-16776961'),('qq','2014-08-14 19:11:30.571000',530,565,326,320,1,'-14336'),('qq','2014-08-14 19:11:31.011000',537,591,328,328,1,'-14336'),('qq','2014-08-14 19:11:31.427000',546,576,333,332,1,'-14336'),('qq','2014-08-14 19:11:31.851000',539,587,338,339,1,'-14336'),('qq','2014-08-14 19:11:32.243000',534,591,344,346,1,'-14336'),('qq','2014-08-14 19:11:32.619000',546,596,351,351,1,'-14336'),('qq','2014-08-14 19:11:33.051000',549,591,357,355,1,'-14336'),('qq','2014-08-14 19:11:33.427000',551,596,361,361,1,'-14336'),('qq','2014-08-14 19:11:33.843000',557,597,372,366,1,'-14336'),('qq','2014-08-14 19:11:34.275000',554,575,383,370,1,'-14336'),('qq','2014-08-14 19:11:34.723000',548,599,392,372,1,'-14336'),('qq','2014-08-14 19:11:35.123000',563,585,389,385,1,'-14336'),('qq','2014-08-14 19:11:35.595000',560,602,397,377,1,'-14336'),('qq','2014-08-14 19:11:37.027000',556,605,381,374,1,'-14336');
/*!40000 ALTER TABLE `tratto` ENABLE KEYS */;
UNLOCK TABLES;
/*!40103 SET TIME_ZONE=@OLD_TIME_ZONE */;

/*!40101 SET SQL_MODE=@OLD_SQL_MODE */;
/*!40014 SET FOREIGN_KEY_CHECKS=@OLD_FOREIGN_KEY_CHECKS */;
/*!40014 SET UNIQUE_CHECKS=@OLD_UNIQUE_CHECKS */;
/*!40101 SET CHARACTER_SET_CLIENT=@OLD_CHARACTER_SET_CLIENT */;
/*!40101 SET CHARACTER_SET_RESULTS=@OLD_CHARACTER_SET_RESULTS */;
/*!40101 SET COLLATION_CONNECTION=@OLD_COLLATION_CONNECTION */;
/*!40111 SET SQL_NOTES=@OLD_SQL_NOTES */;

-- Dump completed on 2014-08-28 17:40:42
